"2011-01-03 10:25:00","11.840","500","0.000","0","0.000","0"
"2011-01-03 14:30:00","11.840","700","0.000","0","0.000","0"
"2011-01-03 15:39:00","12.150","1430","0.000","0","0.000","0"
"2011-01-04 10:24:00","12.550","250","0.000","0","0.000","0"
"2011-01-04 10:34:00","12.550","425","0.000","0","0.000","0"
"2011-01-05 10:42:00","12.740","800","0.000","0","0.000","0"
"2011-01-05 13:15:00","12.510","1300","0.000","0","0.000","0"
"2011-01-06 13:24:00","12.450","500","0.000","0","0.000","0"
"2011-01-06 13:27:00","12.410","1000","0.000","0","0.000","0"
"2011-01-07 10:50:00","12.650","400","0.000","0","0.000","0"
"2011-01-07 13:22:00","12.600","790","0.000","0","0.000","0"
"2011-01-07 15:36:00","12.600","1070","0.000","0","0.000","0"
"2011-01-10 11:48:00","13.200","200","0.000","0","0.000","0"
"2011-01-10 12:08:00","13.520","700","0.000","0","0.000","0"
"2011-01-10 12:09:00","13.520","1200","0.000","0","0.000","0"
"2011-01-10 12:27:00","13.270","1600","0.000","0","0.000","0"
"2011-01-10 12:44:00","13.265","2500","0.000","0","0.000","0"
"2011-01-10 13:38:00","13.220","2900","0.000","0","0.000","0"
"2011-01-10 13:39:00","13.220","3100","0.000","0","0.000","0"
"2011-01-10 13:58:00","13.220","3700","0.000","0","0.000","0"
"2011-01-10 15:04:00","13.220","4100","0.000","0","0.000","0"
"2011-01-10 15:08:00","13.220","4300","0.000","0","0.000","0"
"2011-01-10 15:24:00","13.230","5300","0.000","0","0.000","0"
"2011-01-10 15:26:00","13.230","5500","0.000","0","0.000","0"
"2011-01-11 10:52:00","14.150","400","0.000","0","0.000","0"
"2011-01-11 11:03:00","14.150","800","0.000","0","0.000","0"
"2011-01-11 11:06:00","14.150","1000","0.000","0","0.000","0"
"2011-01-11 11:12:00","14.150","1400","0.000","0","0.000","0"
"2011-01-11 11:26:00","14.150","1800","0.000","0","0.000","0"
"2011-01-11 12:08:00","14.160","1900","0.000","0","0.000","0"
"2011-01-11 12:44:00","14.160","2100","0.000","0","0.000","0"
"2011-01-11 13:10:00","14.180","2450","0.000","0","0.000","0"
"2011-01-11 13:28:00","14.180","2800","0.000","0","0.000","0"
"2011-01-11 13:42:00","14.180","3150","0.000","0","0.000","0"
"2011-01-11 15:54:00","14.460","6420","0.000","0","0.000","0"
"2011-01-12 10:05:00","14.070","10000","0.000","0","0.000","0"
"2011-01-12 13:16:00","14.030","10175","0.000","0","0.000","0"
"2011-01-12 13:30:00","14.070","10475","0.000","0","0.000","0"
"2011-01-12 14:08:00","14.030","10575","0.000","0","0.000","0"
"2011-01-13 10:56:00","14.010","200","0.000","0","0.000","0"
"2011-01-13 11:50:00","14.010","300","0.000","0","0.000","0"
"2011-01-13 13:05:00","14.010","800","0.000","0","0.000","0"
"2011-01-13 15:22:00","13.900","6125","0.000","0","0.000","0"
"2011-01-14 10:33:00","14.170","500","0.000","0","0.000","0"
"2011-01-14 12:32:00","13.910","850","0.000","0","0.000","0"
"2011-01-14 14:02:00","14.000","2350","0.000","0","0.000","0"
"2011-01-18 10:00:00","14.870","325","0.000","0","0.000","0"
"2011-01-18 10:08:00","14.830","675","0.000","0","0.000","0"
"2011-01-18 10:17:00","14.830","1000","0.000","0","0.000","0"
"2011-01-18 10:55:00","14.830","1325","0.000","0","0.000","0"
"2011-01-18 13:21:00","14.900","3825","0.000","0","0.000","0"
"2011-01-18 14:16:00","15.000","4275","0.000","0","0.000","0"
"2011-01-18 14:17:00","15.000","6575","0.000","0","0.000","0"
"2011-01-19 09:30:00","15.900","2450","0.000","0","0.000","0"
"2011-01-19 09:47:00","16.000","2550","0.000","0","0.000","0"
"2011-01-19 10:06:00","16.000","2909","0.000","0","0.000","0"
"2011-01-19 10:08:00","15.900","3109","0.000","0","0.000","0"
"2011-01-19 10:15:00","15.950","3209","0.000","0","0.000","0"
"2011-01-19 10:47:00","16.000","3349","0.000","0","0.000","0"
"2011-01-19 10:49:00","16.000","3524","0.000","0","0.000","0"
"2011-01-19 11:08:00","16.000","3624","0.000","0","0.000","0"
"2011-01-19 11:17:00","16.000","3874","0.000","0","0.000","0"
"2011-01-19 11:41:00","16.000","4624","0.000","0","0.000","0"
"2011-01-19 12:53:00","15.950","4724","0.000","0","0.000","0"
"2011-01-19 12:56:00","16.000","5124","0.000","0","0.000","0"
"2011-01-19 14:33:00","15.950","6239","0.000","0","0.000","0"
"2011-01-19 14:45:00","15.800","6439","0.000","0","0.000","0"
"2011-01-19 15:02:00","15.750","6889","0.000","0","0.000","0"
"2011-01-19 15:28:00","15.980","7077","0.000","0","0.000","0"
"2011-01-19 15:39:00","15.700","7477","0.000","0","0.000","0"
"2011-01-20 12:42:00","15.650","1325","0.000","0","0.000","0"
"2011-01-20 13:20:00","15.650","1465","0.000","0","0.000","0"
"2011-01-21 15:15:00","15.580","200","0.000","0","0.000","0"
"2011-01-24 09:33:00","13.850","459","0.000","0","0.000","0"
"2011-01-24 09:35:00","14.100","869","0.000","0","0.000","0"
"2011-01-24 10:02:00","13.850","1369","0.000","0","0.000","0"
"2011-01-24 10:09:00","13.850","1569","0.000","0","0.000","0"
"2011-01-24 11:04:00","13.850","1819","0.000","0","0.000","0"
"2011-01-25 10:12:00","14.690","1000","0.000","0","0.000","0"
"2011-01-25 13:36:00","14.630","1400","0.000","0","0.000","0"
"2011-01-26 11:33:00","14.410","1485","0.000","0","0.000","0"
"2011-01-26 14:47:00","14.410","1885","0.000","0","0.000","0"
"2011-01-26 14:50:00","14.410","2085","0.000","0","0.000","0"
"2011-01-27 11:03:00","14.740","1075","0.000","0","0.000","0"
"2011-01-27 11:06:00","14.740","1275","0.000","0","0.000","0"
"2011-01-27 15:53:00","15.000","1486","0.000","0","0.000","0"
"2011-01-28 09:30:00","15.150","789","0.000","0","0.000","0"
"2011-01-31 13:16:00","15.250","100","0.000","0","0.000","0"
"2011-02-01 13:22:00","15.530","100","0.000","0","0.000","0"
"2011-02-02 11:20:00","16.000","100","0.000","0","0.000","0"
"2011-02-02 15:31:00","16.000","300","0.000","0","0.000","0"
"2011-02-03 13:54:00","16.030","5850","0.000","0","0.000","0"
"2011-02-04 12:39:00","15.820","1126","0.000","0","0.000","0"
"2011-02-07 13:22:00","16.180","400","0.000","0","0.000","0"
"2011-02-08 14:02:00","15.390","100","0.000","0","0.000","0"
"2011-02-08 14:19:00","15.390","400","0.000","0","0.000","0"
"2011-02-08 14:47:00","15.390","700","0.000","0","0.000","0"
"2011-02-08 14:57:00","15.390","1000","0.000","0","0.000","0"
"2011-02-08 15:31:00","15.100","3595","0.000","0","0.000","0"
"2011-02-08 15:42:00","15.100","4095","0.000","0","0.000","0"
"2011-02-08 15:48:00","15.090","7890","0.000","0","0.000","0"
"2011-02-08 15:51:00","15.370","8190","0.000","0","0.000","0"
"2011-02-08 15:57:00","15.070","10030","0.000","0","0.000","0"
"2011-02-09 09:30:00","14.560","1000","0.000","0","0.000","0"
"2011-02-09 09:41:00","14.560","1300","0.000","0","0.000","0"
"2011-02-09 09:56:00","14.560","1600","0.000","0","0.000","0"
"2011-02-09 10:13:00","14.560","1900","0.000","0","0.000","0"
"2011-02-09 10:29:00","14.560","2200","0.000","0","0.000","0"
"2011-02-09 10:39:00","14.290","2400","0.000","0","0.000","0"
"2011-02-09 11:50:00","14.480","3600","0.000","0","0.000","0"
"2011-02-09 12:50:00","14.480","3750","0.000","0","0.000","0"
"2011-02-09 13:28:00","14.680","3950","0.000","0","0.000","0"
"2011-02-09 13:30:00","14.680","4050","0.000","0","0.000","0"
"2011-02-09 13:50:00","14.680","4170","0.000","0","0.000","0"
"2011-02-09 14:14:00","14.480","4880","0.000","0","0.000","0"
"2011-02-09 15:13:00","14.650","5180","0.000","0","0.000","0"
"2011-02-10 12:59:00","14.500","900","0.000","0","0.000","0"
"2011-02-10 13:19:00","14.500","1200","0.000","0","0.000","0"
"2011-02-10 14:19:00","14.500","1500","0.000","0","0.000","0"
"2011-02-11 10:22:00","13.540","300","0.000","0","0.000","0"
"2011-02-11 10:31:00","13.590","600","0.000","0","0.000","0"
"2011-02-11 10:37:00","13.590","750","0.000","0","0.000","0"
"2011-02-11 10:49:00","13.590","1050","0.000","0","0.000","0"
"2011-02-11 10:59:00","13.590","1200","0.000","0","0.000","0"
"2011-02-11 11:41:00","13.620","1500","0.000","0","0.000","0"
"2011-02-11 12:40:00","13.620","1800","0.000","0","0.000","0"
"2011-02-11 13:51:00","13.620","2800","0.000","0","0.000","0"
"2011-02-11 14:01:00","13.360","3000","0.000","0","0.000","0"
"2011-02-11 15:54:00","13.620","3200","0.000","0","0.000","0"
"2011-02-15 12:03:00","13.240","100","0.000","0","0.000","0"
"2011-02-15 13:20:00","13.490","400","0.000","0","0.000","0"
"2011-02-15 14:24:00","13.390","600","0.000","0","0.000","0"
"2011-02-15 15:04:00","13.390","800","0.000","0","0.000","0"
"2011-02-15 15:38:00","13.390","1000","0.000","0","0.000","0"
"2011-02-16 09:43:00","12.910","625","0.000","0","0.000","0"
"2011-02-16 10:03:00","13.180","925","0.000","0","0.000","0"
"2011-02-16 13:14:00","12.950","1125","0.000","0","0.000","0"
"2011-02-16 13:20:00","13.150","1425","0.000","0","0.000","0"
"2011-02-16 13:33:00","12.950","1625","0.000","0","0.000","0"
"2011-02-16 13:37:00","13.150","1825","0.000","0","0.000","0"
"2011-02-16 13:47:00","12.950","2225","0.000","0","0.000","0"
"2011-02-16 14:28:00","13.150","2425","0.000","0","0.000","0"
"2011-02-17 09:30:00","13.630","500","0.000","0","0.000","0"
"2011-02-17 15:06:00","13.500","3000","0.000","0","0.000","0"
"2011-02-18 10:43:00","14.000","200","0.000","0","0.000","0"
"2011-02-18 10:45:00","14.000","4000","0.000","0","0.000","0"
"2011-02-18 11:25:00","14.000","5000","0.000","0","0.000","0"
"2011-02-18 15:01:00","14.040","5800","0.000","0","0.000","0"
"2011-02-22 09:30:00","13.240","6000","0.000","0","0.000","0"
"2011-02-22 09:43:00","13.530","7100","0.000","0","0.000","0"
"2011-02-22 11:33:00","13.240","7200","0.000","0","0.000","0"
"2011-02-22 11:48:00","13.240","7375","0.000","0","0.000","0"
"2011-02-23 09:34:00","12.730","1000","0.000","0","0.000","0"
"2011-02-23 09:38:00","12.730","2000","0.000","0","0.000","0"
"2011-02-23 10:08:00","13.000","2225","0.000","0","0.000","0"
"2011-02-23 11:08:00","13.000","2825","0.000","0","0.000","0"
"2011-02-23 11:34:00","12.750","3825","0.000","0","0.000","0"
"2011-02-23 12:00:00","13.000","4325","0.000","0","0.000","0"
"2011-02-23 14:48:00","12.750","5055","0.000","0","0.000","0"
"2011-02-23 14:56:00","12.970","5355","0.000","0","0.000","0"
"2011-02-24 14:17:00","12.360","2000","0.000","0","0.000","0"
"2011-02-24 15:09:00","12.360","2200","0.000","0","0.000","0"
"2011-02-24 15:18:00","12.420","2500","0.000","0","0.000","0"
"2011-02-24 15:27:00","12.420","3350","0.000","0","0.000","0"
"2011-02-24 15:44:00","12.420","3650","0.000","0","0.000","0"
"2011-02-25 09:38:00","12.900","2000","0.000","0","0.000","0"
"2011-02-25 09:48:00","12.930","3000","0.000","0","0.000","0"
"2011-02-25 11:03:00","12.800","3555","0.000","0","0.000","0"
"2011-02-25 11:04:00","12.800","4000","0.000","0","0.000","0"
"2011-02-25 12:00:00","12.800","4100","0.000","0","0.000","0"
"2011-02-25 12:09:00","12.930","5150","0.000","0","0.000","0"
"2011-02-25 12:16:00","12.930","5575","0.000","0","0.000","0"
"2011-02-25 12:20:00","12.930","7215","0.000","0","0.000","0"
"2011-02-25 13:21:00","12.930","7415","0.000","0","0.000","0"
"2011-02-25 13:32:00","12.930","7615","0.000","0","0.000","0"
"2011-02-25 13:36:00","12.950","7815","0.000","0","0.000","0"
"2011-02-25 14:16:00","13.000","9020","0.000","0","0.000","0"
"2011-02-25 14:18:00","13.000","13020","0.000","0","0.000","0"
"2011-02-28 15:32:00","13.040","263","0.000","0","0.000","0"
"2011-03-01 11:53:00","14.200","600","0.000","0","0.000","0"
"2011-03-01 12:12:00","14.480","907","0.000","0","0.000","0"
"2011-03-01 12:13:00","14.480","1057","0.000","0","0.000","0"
"2011-03-01 14:39:00","14.200","1364","0.000","0","0.000","0"
"2011-03-02 10:44:00","14.190","1454","0.000","0","0.000","0"
"2011-03-03 11:31:00","14.300","500","0.000","0","0.000","0"
"2011-03-03 11:54:00","14.250","1000","0.000","0","0.000","0"
"2011-03-04 10:32:00","14.300","195","0.000","0","0.000","0"
"2011-03-07 11:42:00","14.050","0","0.000","0","0.000","0"
"2011-03-09 12:49:00","14.620","21979","0.000","0","0.000","0"
"2011-03-09 13:02:00","14.450","22979","0.000","0","0.000","0"
"2011-03-09 13:03:00","14.450","23129","0.000","0","0.000","0"
"2011-03-09 13:33:00","14.630","24167","0.000","0","0.000","0"
"2011-03-09 15:14:00","14.550","25087","0.000","0","0.000","0"
"2011-03-09 15:49:00","14.450","25797","0.000","0","0.000","0"
"2011-03-10 09:30:00","14.680","400","0.000","0","0.000","0"
"2011-03-10 10:12:00","14.500","600","0.000","0","0.000","0"
"2011-03-11 09:30:00","14.500","6990","0.000","0","0.000","0"
"2011-03-11 11:21:00","14.550","1200","0.000","0","0.000","0"
"2011-03-11 12:21:00","14.550","7190","0.000","0","0.000","0"
"2011-03-14 10:03:00","14.580","200","0.000","0","0.000","0"
"2011-03-14 13:14:00","14.470","700","0.000","0","0.000","0"
"2011-03-14 14:57:00","14.380","1730","0.000","0","0.000","0"
"2011-03-16 11:24:00","14.060","310","0.000","0","0.000","0"
"2011-03-17 10:55:00","13.950","500","0.000","0","0.000","0"
"2011-03-17 12:26:00","13.950","1000","0.000","0","0.000","0"
"2011-03-17 15:15:00","14.050","2064","0.000","0","0.000","0"
"2011-03-18 15:59:00","13.950","572","0.000","0","0.000","0"
"2011-03-21 10:43:00","15.000","230","0.000","0","0.000","0"
"2011-03-21 12:01:00","14.750","1230","0.000","0","0.000","0"
"2011-03-21 12:33:00","15.010","1630","0.000","0","0.000","0"
"2011-03-21 12:40:00","15.010","2130","0.000","0","0.000","0"
"2011-03-21 12:41:00","15.010","3115","0.000","0","0.000","0"
"2011-03-21 12:54:00","15.010","3565","0.000","0","0.000","0"
"2011-03-21 13:44:00","15.010","3965","0.000","0","0.000","0"
"2011-03-21 14:19:00","15.010","4165","0.000","0","0.000","0"
"2011-03-21 15:34:00","15.340","5300","0.000","0","0.000","0"
"2011-03-22 09:42:00","15.130","600","0.000","0","0.000","0"
"2011-03-22 12:04:00","15.140","1100","0.000","0","0.000","0"
"2011-03-22 13:54:00","15.000","4503","0.000","0","0.000","0"
"2011-03-22 14:40:00","15.140","4693","0.000","0","0.000","0"
"2011-03-22 15:50:00","15.140","4793","0.000","0","0.000","0"
"2011-03-23 11:33:00","14.810","500","0.000","0","0.000","0"
"2011-03-23 11:35:00","14.810","3403","0.000","0","0.000","0"
"2011-03-25 09:47:00","15.340","440","0.000","0","0.000","0"
"2011-03-28 09:30:00","15.340","500","0.000","0","0.000","0"
"2011-03-28 11:33:00","15.040","5211","0.000","0","0.000","0"
"2011-03-28 15:08:00","15.330","5311","0.000","0","0.000","0"
"2011-03-29 09:57:00","14.920","200","0.000","0","0.000","0"
"2011-03-29 10:04:00","14.920","600","0.000","0","0.000","0"
"2011-03-29 14:05:00","14.700","5629","0.000","0","0.000","0"
"2011-03-30 11:12:00","14.700","700","0.000","0","0.000","0"
"2011-03-30 13:38:00","14.850","900","0.000","0","0.000","0"
"2011-03-31 17:20:00","14.850","152","0.000","0","0.000","0"
"2011-04-01 14:46:00","14.880","1000","0.000","0","0.000","0"
"2011-04-01 20:10:00","14.850","152","0.000","0","0.000","0"
"2011-04-04 09:30:00","15.260","1500","0.000","0","0.000","0"
"2011-04-04 09:51:00","15.260","2000","0.000","0","0.000","0"
"2011-04-04 09:53:00","15.260","2500","0.000","0","0.000","0"
"2011-04-04 09:58:00","15.260","3000","0.000","0","0.000","0"
"2011-04-04 10:48:00","15.450","5000","0.000","0","0.000","0"
"2011-04-04 11:01:00","15.300","5150","0.000","0","0.000","0"
"2011-04-04 12:25:00","15.450","5650","0.000","0","0.000","0"
"2011-04-04 12:38:00","15.450","6150","0.000","0","0.000","0"
"2011-04-04 13:45:00","15.260","8150","0.000","0","0.000","0"
"2011-04-04 14:16:00","15.260","10184","0.000","0","0.000","0"
"2011-04-05 09:30:00","15.260","290","0.000","0","0.000","0"
"2011-04-07 09:30:00","15.420","500","0.000","0","0.000","0"
"2011-04-07 11:09:00","15.420","600","0.000","0","0.000","0"
"2011-04-07 11:14:00","15.420","752","0.000","0","0.000","0"
"2011-04-07 15:15:00","15.420","1252","0.000","0","0.000","0"
"2011-04-08 09:57:00","15.480","200","0.000","0","0.000","0"
"2011-04-08 11:39:00","15.420","700","0.000","0","0.000","0"
"2011-04-08 12:08:00","15.420","1440","0.000","0","0.000","0"
"2011-04-12 11:08:00","15.260","510","0.000","0","0.000","0"
"2011-04-12 15:10:00","15.260","610","0.000","0","0.000","0"
"2011-04-12 15:34:00","15.260","810","0.000","0","0.000","0"
"2011-04-13 13:58:00","15.400","510","0.000","0","0.000","0"
"2011-04-15 12:38:00","16.030","1300","0.000","0","0.000","0"
"2011-04-15 13:38:00","16.250","1608","0.000","0","0.000","0"
"2011-04-15 13:58:00","16.250","1858","0.000","0","0.000","0"
"2011-04-15 14:24:00","16.040","2258","0.000","0","0.000","0"
"2011-04-15 14:48:00","16.250","2658","0.000","0","0.000","0"
"2011-04-15 15:46:00","16.230","2788","0.000","0","0.000","0"
"2011-04-15 15:48:00","16.250","3188","0.000","0","0.000","0"
"2011-04-18 09:30:00","16.500","500","0.000","0","0.000","0"
"2011-04-18 14:12:00","16.500","600","0.000","0","0.000","0"
"2011-04-19 10:38:00","16.690","100","0.000","0","0.000","0"
"2011-04-19 13:13:00","16.750","2400","0.000","0","0.000","0"
"2011-04-19 15:59:00","16.920","2900","0.000","0","0.000","0"
"2011-04-20 10:45:00","17.770","140","0.000","0","0.000","0"
"2011-04-20 12:33:00","17.770","290","0.000","0","0.000","0"
"2011-04-20 12:43:00","17.770","440","0.000","0","0.000","0"
"2011-04-20 13:01:00","17.770","590","0.000","0","0.000","0"
"2011-04-20 13:55:00","17.770","740","0.000","0","0.000","0"
"2011-04-20 14:06:00","17.830","940","0.000","0","0.000","0"
"2011-04-20 14:49:00","17.830","1090","0.000","0","0.000","0"
"2011-04-20 15:07:00","17.830","1215","0.000","0","0.000","0"
"2011-04-20 15:43:00","17.830","1340","0.000","0","0.000","0"
"2011-04-21 09:30:00","18.130","640","0.000","0","0.000","0"
"2011-04-21 09:36:00","18.000","2290","0.000","0","0.000","0"
"2011-04-21 09:59:00","18.100","2490","0.000","0","0.000","0"
"2011-04-21 10:00:00","18.130","2590","0.000","0","0.000","0"
"2011-04-21 10:19:00","18.000","2790","0.000","0","0.000","0"
"2011-04-21 10:22:00","18.130","2940","0.000","0","0.000","0"
"2011-04-21 10:43:00","18.000","3090","0.000","0","0.000","0"
"2011-04-21 11:29:00","17.840","3215","0.000","0","0.000","0"
"2011-04-21 12:12:00","18.150","3615","0.000","0","0.000","0"
"2011-04-21 12:15:00","18.260","4615","0.000","0","0.000","0"
"2011-04-21 12:16:00","18.260","6415","0.000","0","0.000","0"
"2011-04-21 12:30:00","18.100","6565","0.000","0","0.000","0"
"2011-04-21 12:57:00","18.260","7915","0.000","0","0.000","0"
"2011-04-21 13:00:00","18.100","8040","0.000","0","0.000","0"
"2011-04-21 13:17:00","18.100","8165","0.000","0","0.000","0"
"2011-04-21 13:29:00","18.100","8315","0.000","0","0.000","0"
"2011-04-21 14:23:00","18.260","8515","0.000","0","0.000","0"
"2011-04-21 14:25:00","18.350","9980","0.000","0","0.000","0"
"2011-04-21 14:30:00","18.350","10980","0.000","0","0.000","0"
"2011-04-21 14:36:00","18.100","11815","0.000","0","0.000","0"
"2011-04-21 14:41:00","18.400","12015","0.000","0","0.000","0"
"2011-04-21 14:43:00","18.400","12855","0.000","0","0.000","0"
"2011-04-21 14:46:00","18.400","12955","0.000","0","0.000","0"
"2011-04-21 15:30:00","18.260","13055","0.000","0","0.000","0"
"2011-04-21 15:38:00","18.260","13305","0.000","0","0.000","0"
"2011-04-21 15:39:00","18.260","13505","0.000","0","0.000","0"
"2011-04-25 09:30:00","18.200","484","0.000","0","0.000","0"
"2011-04-25 09:42:00","17.910","609","0.000","0","0.000","0"
"2011-04-25 09:52:00","18.200","879","0.000","0","0.000","0"
"2011-04-25 10:15:00","17.950","2652","0.000","0","0.000","0"
"2011-04-25 11:54:00","18.210","2817","0.000","0","0.000","0"
"2011-04-25 14:17:00","18.210","3017","0.000","0","0.000","0"
"2011-04-26 09:30:00","18.500","600","0.000","0","0.000","0"
"2011-04-26 09:41:00","18.500","1100","0.000","0","0.000","0"
"2011-04-26 09:42:00","18.500","1400","0.000","0","0.000","0"
"2011-04-26 10:06:00","18.500","1725","0.000","0","0.000","0"
"2011-04-26 10:36:00","18.280","1850","0.000","0","0.000","0"
"2011-04-26 12:15:00","18.420","5790","0.000","0","0.000","0"
"2011-04-26 12:30:00","18.420","5990","0.000","0","0.000","0"
"2011-04-26 12:46:00","18.380","6240","0.000","0","0.000","0"
"2011-04-26 14:34:00","18.380","12140","0.000","0","0.000","0"
"2011-04-26 14:55:00","18.500","10570","0.000","0","0.000","0"
"2011-04-26 15:26:00","18.380","10695","0.000","0","0.000","0"
"2011-04-26 15:49:00","18.500","11515","0.000","0","0.000","0"
"2011-04-27 11:20:00","18.350","1000","0.000","0","0.000","0"
"2011-04-27 11:40:00","18.000","1125","0.000","0","0.000","0"
"2011-04-27 14:49:00","18.000","1250","0.000","0","0.000","0"
"2011-04-27 15:07:00","18.100","1375","0.000","0","0.000","0"
"2011-04-27 15:26:00","18.100","1500","0.000","0","0.000","0"
"2011-04-28 15:18:00","17.440","200","0.000","0","0.000","0"
"2011-04-29 14:12:00","17.820","1740","0.000","0","0.000","0"
"2011-04-29 14:30:00","17.820","1840","0.000","0","0.000","0"
"2011-04-29 14:52:00","17.820","2290","0.000","0","0.000","0"
"2011-04-29 15:03:00","17.820","2665","0.000","0","0.000","0"
"2011-04-29 15:56:00","18.120","2765","0.000","0","0.000","0"
"2011-05-02 09:30:00","18.120","500","0.000","0","0.000","0"
"2011-05-03 09:30:00","18.150","200","0.000","0","0.000","0"
"2011-05-03 12:21:00","18.200","309","0.000","0","0.000","0"
"2011-05-03 13:46:00","18.150","759","0.000","0","0.000","0"
"2011-05-04 09:55:00","17.810","200","0.000","0","0.000","0"
"2011-05-05 11:16:00","17.510","300","0.000","0","0.000","0"
"2011-05-05 13:34:00","17.510","1300","0.000","0","0.000","0"
"2011-05-09 09:37:00","17.720","100","0.000","0","0.000","0"
"2011-05-09 11:10:00","17.450","300","0.000","0","0.000","0"
"2011-05-09 11:11:00","17.450","440","0.000","0","0.000","0"
"2011-05-09 13:41:00","17.720","780","0.000","0","0.000","0"
"2011-05-10 09:30:00","17.720","300","0.000","0","0.000","0"
"2011-05-11 15:41:00","17.640","400","0.000","0","0.000","0"
"2011-05-13 15:15:00","17.690","900","0.000","0","0.000","0"
"2011-05-16 09:30:00","17.570","200","0.000","0","0.000","0"
"2011-05-16 09:56:00","17.870","4300","0.000","0","0.000","0"
"2011-05-16 11:59:00","17.750","4500","0.000","0","0.000","0"
"2011-05-16 13:38:00","17.730","5000","0.000","0","0.000","0"
"2011-05-16 14:30:00","17.600","5200","0.000","0","0.000","0"
"2011-05-16 15:36:00","17.730","5500","0.000","0","0.000","0"
"2011-05-17 09:33:00","17.850","550","0.000","0","0.000","0"
"2011-05-17 10:50:00","17.850","850","0.000","0","0.000","0"
"2011-05-17 10:56:00","17.850","1150","0.000","0","0.000","0"
"2011-05-17 11:03:00","17.570","3862","0.000","0","0.000","0"
"2011-05-17 12:29:00","17.570","4862","0.000","0","0.000","0"
"2011-05-17 15:00:00","17.850","4962","0.000","0","0.000","0"
"2011-05-17 15:04:00","17.570","5071","0.000","0","0.000","0"
"2011-05-18 09:30:00","19.010","500","0.000","0","0.000","0"
"2011-05-18 09:50:00","19.310","700","0.000","0","0.000","0"
"2011-05-18 10:07:00","19.310","825","0.000","0","0.000","0"
"2011-05-18 10:15:00","19.310","1325","0.000","0","0.000","0"
"2011-05-18 11:55:00","19.020","1725","0.000","0","0.000","0"
"2011-05-18 12:12:00","19.310","2225","0.000","0","0.000","0"
"2011-05-18 14:40:00","19.310","3225","0.000","0","0.000","0"
"2011-05-18 15:29:00","19.310","3525","0.000","0","0.000","0"
"2011-05-18 15:44:00","19.310","3825","0.000","0","0.000","0"
"2011-05-19 10:07:00","19.150","825","0.000","0","0.000","0"
"2011-05-19 10:34:00","19.140","950","0.000","0","0.000","0"
"2011-05-19 10:52:00","19.140","1075","0.000","0","0.000","0"
"2011-05-19 11:08:00","19.140","1200","0.000","0","0.000","0"
"2011-05-19 11:12:00","19.400","1450","0.000","0","0.000","0"
"2011-05-19 11:53:00","19.140","1575","0.000","0","0.000","0"
"2011-05-19 13:40:00","19.300","1975","0.000","0","0.000","0"
"2011-05-19 14:01:00","19.420","2150","0.000","0","0.000","0"
"2011-05-19 14:33:00","19.300","2450","0.000","0","0.000","0"
"2011-05-19 15:11:00","19.300","2575","0.000","0","0.000","0"
"2011-05-19 15:25:00","19.300","2700","0.000","0","0.000","0"
"2011-05-19 15:40:00","19.420","2900","0.000","0","0.000","0"
"2011-05-19 15:58:00","19.300","3650","0.000","0","0.000","0"
"2011-05-20 09:30:00","18.780","300","0.000","0","0.000","0"
"2011-05-20 15:40:00","18.500","1133","0.000","0","0.000","0"
"2011-05-23 09:30:00","18.490","200","0.000","0","0.000","0"
"2011-05-23 13:20:00","18.430","400","0.000","0","0.000","0"
"2011-05-23 13:46:00","18.040","550","0.000","0","0.000","0"
"2011-05-23 14:48:00","18.130","700","0.000","0","0.000","0"
"2011-05-23 15:10:00","18.130","875","0.000","0","0.000","0"
"2011-05-23 15:28:00","18.130","1050","0.000","0","0.000","0"
"2011-05-23 15:40:00","18.130","1225","0.000","0","0.000","0"
"2011-05-24 09:32:00","19.390","300","0.000","0","0.000","0"
"2011-05-24 12:22:00","19.090","475","0.000","0","0.000","0"
"2011-05-24 15:10:00","19.100","575","0.000","0","0.000","0"
"2011-05-24 15:17:00","19.100","675","0.000","0","0.000","0"
"2011-05-25 10:02:00","19.640","300","0.000","0","0.000","0"
"2011-05-25 10:07:00","19.360","475","0.000","0","0.000","0"
"2011-05-25 12:45:00","19.640","975","0.000","0","0.000","0"
"2011-05-25 12:56:00","19.330","1150","0.000","0","0.000","0"
"2011-05-25 13:23:00","19.600","1250","0.000","0","0.000","0"
"2011-05-25 14:09:00","19.330","1425","0.000","0","0.000","0"
"2011-05-25 14:25:00","19.330","1575","0.000","0","0.000","0"
"2011-05-25 14:39:00","19.330","2915","0.000","0","0.000","0"
"2011-05-25 14:44:00","19.330","3015","0.000","0","0.000","0"
"2011-05-25 15:06:00","19.330","3190","0.000","0","0.000","0"
"2011-05-25 15:28:00","19.360","3365","0.000","0","0.000","0"
"2011-05-26 13:11:00","20.580","100","0.000","0","0.000","0"
"2011-05-26 13:49:00","20.280","225","0.000","0","0.000","0"
"2011-05-27 15:07:00","20.290","200","0.000","0","0.000","0"
"2011-05-31 09:31:00","22.890","1500","0.000","0","0.000","0"
"2011-05-31 09:37:00","22.580","1600","0.000","0","0.000","0"
"2011-05-31 09:52:00","22.580","1700","0.000","0","0.000","0"
"2011-05-31 10:10:00","22.580","2400","0.000","0","0.000","0"
"2011-05-31 10:38:00","22.130","2575","0.000","0","0.000","0"
"2011-05-31 10:40:00","22.000","7075","0.000","0","0.000","0"
"2011-05-31 10:41:00","22.590","7475","0.000","0","0.000","0"
"2011-05-31 10:42:00","22.400","7575","0.000","0","0.000","0"
"2011-05-31 11:49:00","22.000","12575","0.000","0","0.000","0"
"2011-05-31 12:26:00","22.300","12675","0.000","0","0.000","0"
"2011-05-31 13:11:00","22.000","14825","0.000","0","0.000","0"
"2011-05-31 13:12:00","22.000","16825","0.000","0","0.000","0"
"2011-05-31 13:13:00","22.050","20255","0.000","0","0.000","0"
"2011-05-31 13:14:00","22.000","24755","0.000","0","0.000","0"
"2011-05-31 13:15:00","22.000","37255","0.000","0","0.000","0"
"2011-05-31 13:22:00","22.000","42255","0.000","0","0.000","0"
"2011-05-31 13:38:00","22.050","47755","0.000","0","0.000","0"
"2011-05-31 13:39:00","22.200","48155","0.000","0","0.000","0"
"2011-05-31 13:46:00","22.040","48330","0.000","0","0.000","0"
"2011-05-31 14:04:00","22.040","48505","0.000","0","0.000","0"
"2011-05-31 14:06:00","22.200","48705","0.000","0","0.000","0"
"2011-05-31 14:43:00","22.200","49305","0.000","0","0.000","0"
"2011-05-31 14:48:00","22.100","69305","0.000","0","0.000","0"
"2011-05-31 15:29:00","22.040","59605","0.000","0","0.000","0"
"2011-05-31 15:44:00","22.040","64605","0.000","0","0.000","0"
"2011-05-31 15:47:00","22.050","64705","0.000","0","0.000","0"
"2011-05-31 15:48:00","22.050","64805","0.000","0","0.000","0"
"2011-05-31 15:51:00","22.040","74805","0.000","0","0.000","0"
"2011-05-31 15:56:00","22.040","89705","0.000","0","0.000","0"
"2011-06-01 10:05:00","22.770","100","0.000","0","0.000","0"
"2011-06-01 10:12:00","22.770","300","0.000","0","0.000","0"
"2011-06-01 11:04:00","23.020","800","0.000","0","0.000","0"
"2011-06-01 12:20:00","22.770","970","0.000","0","0.000","0"
"2011-06-01 14:53:00","22.770","2320","0.000","0","0.000","0"
"2011-06-02 09:30:00","23.360","500","0.000","0","0.000","0"
"2011-06-02 09:52:00","23.360","2100","0.000","0","0.000","0"
"2011-06-02 10:45:00","23.360","2600","0.000","0","0.000","0"
"2011-06-02 13:17:00","23.360","2700","0.000","0","0.000","0"
"2011-06-02 15:55:00","23.360","2800","0.000","0","0.000","0"
"2011-06-03 09:30:00","21.750","250","0.000","0","0.000","0"
"2011-06-03 09:43:00","21.450","364","0.000","0","0.000","0"
"2011-06-03 12:44:00","21.750","464","0.000","0","0.000","0"
"2011-06-03 14:23:00","21.750","964","0.000","0","0.000","0"
"2011-06-03 15:46:00","21.450","1068","0.000","0","0.000","0"
"2011-06-06 10:43:00","21.700","1000","0.000","0","0.000","0"
"2011-06-06 10:49:00","21.530","1250","0.000","0","0.000","0"
"2011-06-06 11:01:00","21.700","1400","0.000","0","0.000","0"
"2011-06-06 13:46:00","21.530","1800","0.000","0","0.000","0"
"2011-06-06 15:44:00","21.530","2400","0.000","0","0.000","0"
"2011-06-06 15:46:00","21.500","4600","0.000","0","0.000","0"
"2011-06-07 10:12:00","22.230","300","0.000","0","0.000","0"
"2011-06-07 10:32:00","22.660","400","0.000","0","0.000","0"
"2011-06-07 13:39:00","22.660","1900","0.000","0","0.000","0"
"2011-06-07 14:01:00","22.660","6400","0.000","0","0.000","0"
"2011-06-07 14:13:00","22.660","7400","0.000","0","0.000","0"
"2011-06-07 14:24:00","22.660","7555","0.000","0","0.000","0"
"2011-06-07 15:51:00","22.660","7755","0.000","0","0.000","0"
"2011-06-08 09:31:00","22.360","500","0.000","0","0.000","0"
"2011-06-08 11:37:00","22.130","3143","0.000","0","0.000","0"
"2011-06-08 14:22:00","22.130","3543","0.000","0","0.000","0"
"2011-06-08 15:31:00","22.130","3973","0.000","0","0.000","0"
"2011-06-08 15:33:00","22.130","5888","0.000","0","0.000","0"
"2011-06-08 15:39:00","22.130","6883","0.000","0","0.000","0"
"2011-06-08 15:41:00","22.130","7083","0.000","0","0.000","0"
"2011-06-08 15:44:00","22.070","8083","0.000","0","0.000","0"
"2011-06-09 10:59:00","21.660","600","0.000","0","0.000","0"
"2011-06-09 14:50:00","21.710","750","0.000","0","0.000","0"
"2011-06-10 09:32:00","20.610","380","0.000","0","0.000","0"
"2011-06-10 10:08:00","20.460","1380","0.000","0","0.000","0"
"2011-06-10 11:03:00","20.460","1880","0.000","0","0.000","0"
"2011-06-10 11:22:00","20.330","2880","0.000","0","0.000","0"
"2011-06-10 11:27:00","20.330","3230","0.000","0","0.000","0"
"2011-06-10 11:30:00","20.330","3819","0.000","0","0.000","0"
"2011-06-10 11:39:00","20.330","5619","0.000","0","0.000","0"
"2011-06-10 12:22:00","20.330","5824","0.000","0","0.000","0"
"2011-06-10 13:41:00","20.760","6074","0.000","0","0.000","0"
"2011-06-10 13:47:00","20.300","7074","0.000","0","0.000","0"
"2011-06-10 13:57:00","20.290","8074","0.000","0","0.000","0"
"2011-06-10 14:28:00","20.250","8274","0.000","0","0.000","0"
"2011-06-10 15:54:00","20.250","8649","0.000","0","0.000","0"
"2011-06-13 09:30:00","20.550","400","0.000","0","0.000","0"
"2011-06-13 11:26:00","20.600","1400","0.000","0","0.000","0"
"2011-06-13 11:55:00","20.700","1600","0.000","0","0.000","0"
"2011-06-13 14:37:00","20.550","2493","0.000","0","0.000","0"
"2011-06-14 10:03:00","20.530","146","0.000","0","0.000","0"
"2011-06-14 12:11:00","20.590","646","0.000","0","0.000","0"
"2011-06-15 09:30:00","20.020","200","0.000","0","0.000","0"
"2011-06-15 10:02:00","19.720","525","0.000","0","0.000","0"
"2011-06-15 10:03:00","19.650","925","0.000","0","0.000","0"
"2011-06-16 09:30:00","18.540","1650","0.000","0","0.000","0"
"2011-06-16 09:44:00","18.320","2650","0.000","0","0.000","0"
"2011-06-16 09:55:00","18.540","2800","0.000","0","0.000","0"
"2011-06-16 10:19:00","18.540","2900","0.000","0","0.000","0"
"2011-06-16 10:55:00","18.540","3100","0.000","0","0.000","0"
"2011-06-16 11:25:00","18.600","5650","0.000","0","0.000","0"
"2011-06-16 12:01:00","18.350","5825","0.000","0","0.000","0"
"2011-06-16 12:10:00","18.620","5975","0.000","0","0.000","0"
"2011-06-16 12:56:00","18.620","6150","0.000","0","0.000","0"
"2011-06-16 13:01:00","18.620","7150","0.000","0","0.000","0"
"2011-06-16 13:35:00","18.620","7325","0.000","0","0.000","0"
"2011-06-16 14:40:00","18.450","7425","0.000","0","0.000","0"
"2011-06-16 15:09:00","18.450","7525","0.000","0","0.000","0"
"2011-06-16 15:14:00","18.620","8525","0.000","0","0.000","0"
"2011-06-16 15:15:00","18.620","8925","0.000","0","0.000","0"
"2011-06-17 15:37:00","18.670","175","0.000","0","0.000","0"
"2011-06-20 09:30:00","18.210","290","0.000","0","0.000","0"
"2011-06-20 09:46:00","18.210","2190","0.000","0","0.000","0"
"2011-06-20 10:55:00","18.500","2440","0.000","0","0.000","0"
"2011-06-20 11:09:00","18.260","4440","0.000","0","0.000","0"
"2011-06-20 11:39:00","18.300","4615","0.000","0","0.000","0"
"2011-06-20 11:46:00","18.260","5115","0.000","0","0.000","0"
"2011-06-20 11:48:00","18.260","6615","0.000","0","0.000","0"
"2011-06-20 12:36:00","18.500","6740","0.000","0","0.000","0"
"2011-06-21 10:55:00","19.210","1000","0.000","0","0.000","0"
"2011-06-21 10:57:00","19.210","2000","0.000","0","0.000","0"
"2011-06-21 11:08:00","19.210","2200","0.000","0","0.000","0"
"2011-06-21 11:09:00","19.210","3000","0.000","0","0.000","0"
"2011-06-22 09:46:00","20.000","500","0.000","0","0.000","0"
"2011-06-22 09:47:00","20.000","1000","0.000","0","0.000","0"
"2011-06-22 10:31:00","20.000","1500","0.000","0","0.000","0"
"2011-06-22 10:51:00","19.530","1600","0.000","0","0.000","0"
"2011-06-22 11:30:00","20.000","1861","0.000","0","0.000","0"
"2011-06-22 13:59:00","19.530","2110","0.000","0","0.000","0"
"2011-06-23 09:58:00","19.610","250","0.000","0","0.000","0"
"2011-06-23 10:57:00","19.610","500","0.000","0","0.000","0"
"2011-06-23 11:38:00","19.610","700","0.000","0","0.000","0"
"2011-06-23 11:40:00","19.430","4840","0.000","0","0.000","0"
"2011-06-23 14:32:00","19.800","5090","0.000","0","0.000","0"
"2011-06-24 11:38:00","19.920","675","0.000","0","0.000","0"
"2011-06-24 15:18:00","19.920","825","0.000","0","0.000","0"
"2011-06-27 11:59:00","20.000","300","0.000","0","0.000","0"
"2011-06-27 14:35:00","20.050","400","0.000","0","0.000","0"
"2011-06-28 10:56:00","20.080","150","0.000","0","0.000","0"
"2011-06-28 12:17:00","20.080","850","0.000","0","0.000","0"
"2011-06-28 14:00:00","20.080","1099","0.000","0","0.000","0"
"2011-06-28 14:21:00","20.080","2999","0.000","0","0.000","0"
"2011-06-28 15:25:00","20.080","3741","0.000","0","0.000","0"
"2011-06-29 10:05:00","21.010","300","0.000","0","0.000","0"
"2011-06-30 12:14:00","21.410","200","0.000","0","0.000","0"
"2011-06-30 13:55:00","21.670","455","0.000","0","0.000","0"
"2011-06-30 15:02:00","21.300","662","0.000","0","0.000","0"
"2011-07-01 10:49:00","21.440","140","0.000","0","0.000","0"
"2011-07-01 11:57:00","21.300","1140","0.000","0","0.000","0"
"2011-07-01 12:04:00","21.530","1540","0.000","0","0.000","0"
"2011-07-01 12:20:00","21.710","1940","0.000","0","0.000","0"
"2011-07-01 13:31:00","21.410","4340","0.000","0","0.000","0"
"2011-07-01 14:50:00","21.810","4440","0.000","0","0.000","0"
"2011-07-01 14:58:00","21.810","4740","0.000","0","0.000","0"
"2011-07-01 15:21:00","21.830","4940","0.000","0","0.000","0"
"2011-07-01 15:34:00","21.930","7640","0.000","0","0.000","0"
"2011-07-05 10:28:00","22.740","812","0.000","0","0.000","0"
"2011-07-05 12:34:00","22.740","2512","0.000","0","0.000","0"
"2011-07-05 15:12:00","22.830","3262","0.000","0","0.000","0"
"2011-07-06 09:31:00","22.510","210","0.000","0","0.000","0"
"2011-07-06 09:40:00","22.500","2510","0.000","0","0.000","0"
"2011-07-06 10:06:00","22.200","6010","0.000","0","0.000","0"
"2011-07-06 11:30:00","22.200","6353","0.000","0","0.000","0"
"2011-07-08 11:19:00","22.100","1200","0.000","0","0.000","0"
"2011-07-08 11:30:00","22.100","1337","0.000","0","0.000","0"
"2011-07-08 12:07:00","22.100","1474","0.000","0","0.000","0"
"2011-07-11 10:20:00","22.220","100","0.000","0","0.000","0"
"2011-07-11 11:42:00","22.160","581","0.000","0","0.000","0"
"2011-07-11 13:53:00","22.000","1281","0.000","0","0.000","0"
"2011-07-12 09:30:00","21.350","200","0.000","0","0.000","0"
"2011-07-12 09:46:00","21.100","375","0.000","0","0.000","0"
"2011-07-12 09:53:00","21.350","575","0.000","0","0.000","0"
"2011-07-12 10:32:00","21.350","675","0.000","0","0.000","0"
"2011-07-12 11:30:00","21.350","775","0.000","0","0.000","0"
"2011-07-13 10:30:00","22.430","249","0.000","0","0.000","0"
"2011-07-13 15:11:00","22.340","449","0.000","0","0.000","0"
"2011-07-14 11:19:00","22.670","160","0.000","0","0.000","0"
"2011-07-14 13:05:00","22.600","415","0.000","0","0.000","0"
"2011-07-15 10:57:00","22.980","100","0.000","0","0.000","0"
"2011-07-15 11:21:00","22.980","1100","0.000","0","0.000","0"
"2011-07-15 13:04:00","22.980","4100","0.000","0","0.000","0"
"2011-07-15 14:06:00","22.980","4300","0.000","0","0.000","0"
"2011-07-15 14:27:00","23.050","4400","0.000","0","0.000","0"
"2011-07-15 15:52:00","22.910","5200","0.000","0","0.000","0"
"2011-07-18 09:57:00","23.100","100","0.000","0","0.000","0"
"2011-07-18 10:52:00","22.940","1100","0.000","0","0.000","0"
"2011-07-18 11:49:00","23.090","3100","0.000","0","0.000","0"
"2011-07-18 13:37:00","23.090","3350","0.000","0","0.000","0"
"2011-07-18 13:59:00","23.090","5350","0.000","0","0.000","0"
"2011-07-18 15:00:00","22.940","5475","0.000","0","0.000","0"
"2011-07-19 09:30:00","23.200","1800","0.000","0","0.000","0"
"2011-07-19 09:51:00","23.200","2525","0.000","0","0.000","0"
"2011-07-19 11:51:00","23.200","2725","0.000","0","0.000","0"
"2011-07-19 13:40:00","23.200","2900","0.000","0","0.000","0"
"2011-07-19 14:03:00","23.200","3150","0.000","0","0.000","0"
"2011-07-19 14:05:00","23.240","3279","0.000","0","0.000","0"
"2011-07-20 15:52:00","23.630","1063","0.000","0","0.000","0"
"2011-07-21 13:32:00","24.280","1393","0.000","0","0.000","0"
"2011-07-21 13:59:00","24.200","1543","0.000","0","0.000","0"
"2011-07-21 14:25:00","24.200","2393","0.000","0","0.000","0"
"2011-07-21 15:22:00","24.200","2786","0.000","0","0.000","0"
"2011-07-22 10:57:00","24.980","305","0.000","0","0.000","0"
"2011-07-22 11:44:00","24.960","1540","0.000","0","0.000","0"
"2011-07-22 12:51:00","25.000","1942","0.000","0","0.000","0"
"2011-07-22 13:57:00","25.000","2108","0.000","0","0.000","0"
"2011-07-25 10:17:00","24.730","100","0.000","0","0.000","0"
"2011-07-25 11:22:00","25.050","342","0.000","0","0.000","0"
"2011-07-25 13:28:00","25.050","842","0.000","0","0.000","0"
"2011-07-25 14:03:00","25.050","942","0.000","0","0.000","0"
"2011-07-25 14:51:00","25.050","1142","0.000","0","0.000","0"
"2011-07-26 10:20:00","25.040","250","0.000","0","0.000","0"
"2011-07-26 12:12:00","25.040","1250","0.000","0","0.000","0"
"2011-07-26 15:10:00","25.040","1450","0.000","0","0.000","0"
"2011-07-27 14:32:00","25.150","200","0.000","0","0.000","0"
"2011-07-27 14:54:00","25.150","1200","0.000","0","0.000","0"
"2011-07-28 11:39:00","26.450","300","0.000","0","0.000","0"
"2011-07-29 09:33:00","26.050","1000","0.000","0","0.000","0"
"2011-07-29 14:15:00","26.060","1800","0.000","0","0.000","0"
"2011-07-29 14:16:00","26.060","1900","0.000","0","0.000","0"
"2011-07-29 14:20:00","26.070","2400","0.000","0","0.000","0"
"2011-07-29 15:49:00","26.070","2500","0.000","0","0.000","0"
"2011-08-01 09:30:00","27.900","280","0.000","0","0.000","0"
"2011-08-01 09:50:00","28.150","630","0.000","0","0.000","0"
"2011-08-01 09:52:00","28.150","983","0.000","0","0.000","0"
"2011-08-01 10:17:00","28.000","1183","0.000","0","0.000","0"
"2011-08-01 11:39:00","27.950","1983","0.000","0","0.000","0"
"2011-08-01 11:47:00","27.910","2183","0.000","0","0.000","0"
"2011-08-01 13:44:00","27.710","2283","0.000","0","0.000","0"
"2011-08-01 14:38:00","28.000","2583","0.000","0","0.000","0"
"2011-08-01 15:14:00","28.000","2683","0.000","0","0.000","0"
"2011-08-01 15:28:00","28.000","3183","0.000","0","0.000","0"
"2011-08-02 09:56:00","27.430","204","0.000","0","0.000","0"
"2011-08-02 15:36:00","27.650","704","0.000","0","0.000","0"
"2011-08-03 09:37:00","27.270","100","0.000","0","0.000","0"
"2011-08-03 10:05:00","27.250","400","0.000","0","0.000","0"
"2011-08-03 10:49:00","26.900","1000","0.000","0","0.000","0"
"2011-08-03 15:41:00","27.250","1600","0.000","0","0.000","0"
"2011-08-03 15:45:00","27.120","2600","0.000","0","0.000","0"
"2011-08-04 09:30:00","26.370","500","0.000","0","0.000","0"
"2011-08-04 09:31:00","26.130","1400","0.000","0","0.000","0"
"2011-08-04 09:39:00","25.700","3100","0.000","0","0.000","0"
"2011-08-04 10:58:00","25.550","4700","0.000","0","0.000","0"
"2011-08-04 11:00:00","25.500","4900","0.000","0","0.000","0"
"2011-08-04 11:03:00","25.400","5100","0.000","0","0.000","0"
"2011-08-04 11:04:00","25.290","6200","0.000","0","0.000","0"
"2011-08-04 11:38:00","25.290","7924","0.000","0","0.000","0"
"2011-08-04 11:45:00","26.000","8124","0.000","0","0.000","0"
"2011-08-04 15:38:00","25.130","8424","0.000","0","0.000","0"
"2011-08-05 10:31:00","24.930","700","0.000","0","0.000","0"
"2011-08-05 11:10:00","24.850","821","0.000","0","0.000","0"
"2011-08-05 12:57:00","24.420","1121","0.000","0","0.000","0"
"2011-08-05 13:01:00","24.640","1221","0.000","0","0.000","0"
"2011-08-05 14:33:00","24.640","3721","0.000","0","0.000","0"
"2011-08-08 09:49:00","24.940","1648","0.000","0","0.000","0"
"2011-08-08 10:04:00","24.940","1848","0.000","0","0.000","0"
"2011-08-08 10:15:00","24.940","2048","0.000","0","0.000","0"
"2011-08-08 10:20:00","24.750","2148","0.000","0","0.000","0"
"2011-08-08 10:22:00","24.440","4818","0.000","0","0.000","0"
"2011-08-08 10:34:00","24.690","5018","0.000","0","0.000","0"
"2011-08-08 10:35:00","24.300","5218","0.000","0","0.000","0"
"2011-08-08 11:27:00","24.160","5418","0.000","0","0.000","0"
"2011-08-08 13:03:00","24.000","5618","0.000","0","0.000","0"
"2011-08-08 13:42:00","23.890","8118","0.000","0","0.000","0"
"2011-08-08 13:48:00","23.850","9118","0.000","0","0.000","0"
"2011-08-08 14:22:00","23.000","13618","0.000","0","0.000","0"
"2011-08-08 14:24:00","23.000","13818","0.000","0","0.000","0"
"2011-08-08 14:33:00","23.000","14118","0.000","0","0.000","0"
"2011-08-08 14:53:00","23.400","14418","0.000","0","0.000","0"
"2011-08-09 09:53:00","23.750","900","0.000","0","0.000","0"
"2011-08-09 10:14:00","23.900","1000","0.000","0","0.000","0"
"2011-08-09 12:21:00","23.900","1200","0.000","0","0.000","0"
"2011-08-09 15:47:00","24.100","1400","0.000","0","0.000","0"
"2011-08-10 09:33:00","24.220","200","0.000","0","0.000","0"
"2011-08-10 10:06:00","23.880","1800","0.000","0","0.000","0"
"2011-08-10 10:57:00","24.400","2300","0.000","0","0.000","0"
"2011-08-10 11:12:00","23.900","2500","0.000","0","0.000","0"
"2011-08-10 11:18:00","23.900","2600","0.000","0","0.000","0"
"2011-08-10 14:15:00","24.060","4111","0.000","0","0.000","0"
"2011-08-11 12:27:00","25.280","0","0.000","0","0.000","0"
"2011-08-12 11:58:00","25.450","1800","0.000","0","0.000","0"
"2011-08-12 12:12:00","25.450","2815","0.000","0","0.000","0"
"2011-08-12 12:53:00","25.450","2915","0.000","0","0.000","0"
"2011-08-12 14:20:00","25.450","7415","0.000","0","0.000","0"
"2011-08-12 14:23:00","25.310","7790","0.000","0","0.000","0"
"2011-08-15 10:24:00","26.050","100","0.000","0","0.000","0"
"2011-08-17 11:34:00","28.130","1165","0.000","0","0.000","0"
"2011-08-17 12:53:00","28.250","5165","0.000","0","0.000","0"
"2011-08-17 13:23:00","28.150","5267","0.000","0","0.000","0"
"2011-08-17 13:24:00","27.940","5367","0.000","0","0.000","0"
"2011-08-17 15:28:00","27.940","6367","0.000","0","0.000","0"
"2011-08-18 11:48:00","25.750","300","0.000","0","0.000","0"
"2011-08-18 15:06:00","25.800","1201","0.000","0","0.000","0"
"2011-08-19 14:29:00","23.910","200","0.000","0","0.000","0"
"2011-08-19 15:43:00","23.910","400","0.000","0","0.000","0"
"2011-08-22 10:24:00","22.250","100","0.000","0","0.000","0"
"2011-08-22 12:05:00","22.000","350","0.000","0","0.000","0"
"2011-08-22 12:48:00","22.000","450","0.000","0","0.000","0"
"2011-08-22 12:50:00","22.000","665","0.000","0","0.000","0"
"2011-08-22 13:45:00","22.000","1075","0.000","0","0.000","0"
"2011-08-22 14:42:00","22.000","1275","0.000","0","0.000","0"
"2011-08-22 15:22:00","22.250","1575","0.000","0","0.000","0"
"2011-08-23 13:00:00","22.990","100","0.000","0","0.000","0"
"2011-08-23 14:47:00","22.990","400","0.000","0","0.000","0"
"2011-08-24 15:07:00","21.500","200","0.000","0","0.000","0"
"2011-08-24 15:57:00","21.600","400","0.000","0","0.000","0"
"2011-08-25 12:45:00","21.810","200","0.000","0","0.000","0"
"2011-08-25 12:46:00","21.810","400","0.000","0","0.000","0"
"2011-08-26 14:03:00","21.280","550","0.000","0","0.000","0"
"2011-08-26 14:12:00","21.350","650","0.000","0","0.000","0"
"2011-08-26 14:28:00","21.350","900","0.000","0","0.000","0"
"2011-08-26 14:44:00","21.350","1000","0.000","0","0.000","0"
"2011-08-26 15:14:00","21.350","1150","0.000","0","0.000","0"
"2011-08-26 15:32:00","21.400","1300","0.000","0","0.000","0"
"2011-08-26 15:51:00","21.110","1500","0.000","0","0.000","0"
"2011-08-29 09:30:00","23.010","340","0.000","0","0.000","0"
"2011-08-29 09:54:00","23.070","515","0.000","0","0.000","0"
"2011-08-29 10:46:00","23.280","1030","0.000","0","0.000","0"
"2011-08-29 14:23:00","23.420","1930","0.000","0","0.000","0"
"2011-08-29 15:56:00","23.420","2055","0.000","0","0.000","0"
"2011-08-29 15:57:00","23.420","2183","0.000","0","0.000","0"
"2011-08-30 14:00:00","24.730","527","0.000","0","0.000","0"
"2011-08-30 14:15:00","24.730","1027","0.000","0","0.000","0"
"2011-08-31 09:30:00","24.940","1631","0.000","0","0.000","0"
"2011-08-31 14:11:00","25.000","9623","0.000","0","0.000","0"
"2011-08-31 14:45:00","24.840","9823","0.000","0","0.000","0"
"2011-08-31 15:39:00","25.100","10163","0.000","0","0.000","0"
"2011-09-01 09:30:00","24.250","200","0.000","0","0.000","0"
"2011-09-01 09:31:00","24.250","2250","0.000","0","0.000","0"
"2011-09-01 09:37:00","24.250","2550","0.000","0","0.000","0"
"2011-09-01 09:46:00","23.890","2750","0.000","0","0.000","0"
"2011-09-01 09:47:00","23.700","4150","0.000","0","0.000","0"
"2011-09-01 09:49:00","23.190","4750","0.000","0","0.000","0"
"2011-09-01 09:52:00","23.650","5750","0.000","0","0.000","0"
"2011-09-01 10:05:00","23.750","5850","0.000","0","0.000","0"
"2011-09-01 11:30:00","23.190","6171","0.000","0","0.000","0"
"2011-09-01 12:41:00","23.750","6271","0.000","0","0.000","0"
"2011-09-02 12:10:00","22.680","150","0.000","0","0.000","0"
"2011-09-02 14:12:00","22.550","550","0.000","0","0.000","0"
"2011-09-02 14:35:00","22.680","736","0.000","0","0.000","0"
"2011-09-02 15:13:00","22.600","2336","0.000","0","0.000","0"
"2011-09-02 15:49:00","22.600","2546","0.000","0","0.000","0"
"2011-09-06 10:35:00","22.180","1000","0.000","0","0.000","0"
"2011-09-06 14:12:00","22.440","1200","0.000","0","0.000","0"
"2011-09-07 12:24:00","23.150","150","0.000","0","0.000","0"
"2011-09-07 14:05:00","23.150","350","0.000","0","0.000","0"
"2011-09-07 14:51:00","22.980","519","0.000","0","0.000","0"
"2011-09-07 15:30:00","22.980","688","0.000","0","0.000","0"
"2011-09-08 13:28:00","22.730","175","0.000","0","0.000","0"
"2011-09-08 13:44:00","22.730","290","0.000","0","0.000","0"
"2011-09-08 14:26:00","22.600","890","0.000","0","0.000","0"
"2011-09-09 09:30:00","22.500","100","0.000","0","0.000","0"
"2011-09-09 09:53:00","22.250","600","0.000","0","0.000","0"
"2011-09-09 09:54:00","22.250","800","0.000","0","0.000","0"
"2011-09-09 11:20:00","22.220","1000","0.000","0","0.000","0"
"2011-09-09 11:23:00","22.180","1400","0.000","0","0.000","0"
"2011-09-09 11:51:00","22.030","1600","0.000","0","0.000","0"
"2011-09-09 12:42:00","21.710","2300","0.000","0","0.000","0"
"2011-09-12 09:31:00","20.430","200","0.000","0","0.000","0"
"2011-09-12 12:50:00","20.410","400","0.000","0","0.000","0"
"2011-09-12 13:27:00","20.150","900","0.000","0","0.000","0"
"2011-09-12 13:40:00","20.150","3000","0.000","0","0.000","0"
"2011-09-12 14:07:00","20.140","3200","0.000","0","0.000","0"
"2011-09-12 14:39:00","20.420","3350","0.000","0","0.000","0"
"2011-09-12 15:52:00","20.420","3550","0.000","0","0.000","0"
"2011-09-12 15:53:00","20.430","3950","0.000","0","0.000","0"
"2011-09-13 09:30:00","20.240","175","0.000","0","0.000","0"
"2011-09-13 09:36:00","20.420","375","0.000","0","0.000","0"
"2011-09-13 09:47:00","20.500","825","0.000","0","0.000","0"
"2011-09-13 14:29:00","20.690","1625","0.000","0","0.000","0"
"2011-09-13 14:30:00","20.690","1825","0.000","0","0.000","0"
"2011-09-13 15:31:00","20.630","2625","0.000","0","0.000","0"
"2011-09-14 10:03:00","20.000","500","0.000","0","0.000","0"
"2011-09-14 10:05:00","20.000","1400","0.000","0","0.000","0"
"2011-09-14 10:09:00","20.000","2400","0.000","0","0.000","0"
"2011-09-14 10:27:00","20.000","2730","0.000","0","0.000","0"
"2011-09-14 10:42:00","20.000","2909","0.000","0","0.000","0"
"2011-09-14 11:11:00","19.880","4209","0.000","0","0.000","0"
"2011-09-14 12:43:00","20.000","6209","0.000","0","0.000","0"
"2011-09-14 13:10:00","20.000","6509","0.000","0","0.000","0"
"2011-09-14 13:51:00","20.040","6709","0.000","0","0.000","0"
"2011-09-14 13:52:00","20.040","6909","0.000","0","0.000","0"
"2011-09-14 14:06:00","20.060","7109","0.000","0","0.000","0"
"2011-09-14 15:48:00","20.320","7209","0.000","0","0.000","0"
"2011-09-15 09:30:00","19.510","200","0.000","0","0.000","0"
"2011-09-15 09:38:00","19.180","900","0.000","0","0.000","0"
"2011-09-15 09:45:00","19.500","1350","0.000","0","0.000","0"
"2011-09-15 09:58:00","19.500","1450","0.000","0","0.000","0"
"2011-09-15 10:26:00","19.500","1610","0.000","0","0.000","0"
"2011-09-15 12:13:00","19.240","1910","0.000","0","0.000","0"
"2011-09-15 13:07:00","19.350","2460","0.000","0","0.000","0"
"2011-09-15 13:36:00","19.290","2960","0.000","0","0.000","0"
"2011-09-15 14:00:00","19.350","3210","0.000","0","0.000","0"
"2011-09-15 14:57:00","19.350","3310","0.000","0","0.000","0"
"2011-09-16 09:30:00","19.760","100","0.000","0","0.000","0"
"2011-09-16 10:02:00","19.760","600","0.000","0","0.000","0"
"2011-09-16 10:03:00","19.760","1350","0.000","0","0.000","0"
"2011-09-16 11:43:00","19.610","1850","0.000","0","0.000","0"
"2011-09-16 12:01:00","19.750","2750","0.000","0","0.000","0"
"2011-09-19 09:30:00","18.650","250","0.000","0","0.000","0"
"2011-09-19 12:07:00","18.370","450","0.000","0","0.000","0"
"2011-09-19 12:10:00","18.370","650","0.000","0","0.000","0"
"2011-09-19 12:11:00","18.370","1050","0.000","0","0.000","0"
"2011-09-19 12:58:00","18.600","1175","0.000","0","0.000","0"
"2011-09-19 13:20:00","18.600","1375","0.000","0","0.000","0"
"2011-09-19 15:43:00","18.600","1675","0.000","0","0.000","0"
"2011-09-20 09:35:00","18.650","100","0.000","0","0.000","0"
"2011-09-20 10:08:00","18.650","250","0.000","0","0.000","0"
"2011-09-20 10:25:00","18.650","400","0.000","0","0.000","0"
"2011-09-20 11:04:00","18.650","550","0.000","0","0.000","0"
"2011-09-21 14:25:00","18.330","200","0.000","0","0.000","0"
"2011-09-21 14:31:00","18.420","1200","0.000","0","0.000","0"
"2011-09-21 15:47:00","18.440","1300","0.000","0","0.000","0"
"2011-09-21 15:59:00","18.130","1500","0.000","0","0.000","0"
"2011-09-22 09:30:00","16.300","600","0.000","0","0.000","0"
"2011-09-22 09:32:00","16.300","750","0.000","0","0.000","0"
"2011-09-22 09:35:00","16.080","950","0.000","0","0.000","0"
"2011-09-22 09:37:00","15.850","1263","0.000","0","0.000","0"
"2011-09-22 09:39:00","15.850","2642","0.000","0","0.000","0"
"2011-09-22 10:27:00","15.850","3642","0.000","0","0.000","0"
"2011-09-22 10:28:00","16.000","3742","0.000","0","0.000","0"
"2011-09-22 10:43:00","15.850","3942","0.000","0","0.000","0"
"2011-09-22 10:44:00","15.840","4742","0.000","0","0.000","0"
"2011-09-22 11:23:00","15.900","5142","0.000","0","0.000","0"
"2011-09-22 11:38:00","15.730","5392","0.000","0","0.000","0"
"2011-09-22 11:48:00","15.730","5642","0.000","0","0.000","0"
"2011-09-22 12:24:00","15.730","5802","0.000","0","0.000","0"
"2011-09-22 12:25:00","15.730","6437","0.000","0","0.000","0"
"2011-09-22 12:46:00","15.730","6937","0.000","0","0.000","0"
"2011-09-22 12:47:00","15.730","8437","0.000","0","0.000","0"
"2011-09-22 13:38:00","15.900","8637","0.000","0","0.000","0"
"2011-09-22 14:05:00","15.700","8837","0.000","0","0.000","0"
"2011-09-22 14:08:00","15.610","9037","0.000","0","0.000","0"
"2011-09-22 14:18:00","15.400","9437","0.000","0","0.000","0"
"2011-09-22 14:23:00","15.120","9637","0.000","0","0.000","0"
"2011-09-22 15:50:00","15.200","9837","0.000","0","0.000","0"
"2011-09-23 09:31:00","16.060","2800","0.000","0","0.000","0"
"2011-09-23 09:39:00","16.060","2979","0.000","0","0.000","0"
"2011-09-23 09:42:00","16.060","3479","0.000","0","0.000","0"
"2011-09-23 11:36:00","16.150","5875","0.000","0","0.000","0"
"2011-09-23 12:40:00","16.150","5975","0.000","0","0.000","0"
"2011-09-23 14:26:00","16.060","6175","0.000","0","0.000","0"
"2011-09-27 15:55:00","16.800","5742","0.000","0","0.000","0"
"2011-09-28 11:39:00","17.110","500","0.000","0","0.000","0"
"2011-09-28 13:55:00","17.070","1200","0.000","0","0.000","0"
"2011-09-28 15:37:00","16.980","1600","0.000","0","0.000","0"
"2011-09-28 15:38:00","16.980","1800","0.000","0","0.000","0"
"2011-09-29 10:27:00","17.110","800","0.000","0","0.000","0"
"2011-09-29 10:30:00","17.110","2400","0.000","0","0.000","0"
"2011-09-29 10:44:00","17.110","2600","0.000","0","0.000","0"
"2011-09-29 10:47:00","17.060","5100","0.000","0","0.000","0"
"2011-09-29 13:43:00","17.000","5300","0.000","0","0.000","0"
"2011-09-29 14:31:00","16.730","5700","0.000","0","0.000","0"
"2011-09-29 14:50:00","16.730","5850","0.000","0","0.000","0"
"2011-09-29 15:20:00","16.730","6125","0.000","0","0.000","0"
"2011-09-29 15:25:00","16.730","6750","0.000","0","0.000","0"
"2011-09-29 15:39:00","16.730","8090","0.000","0","0.000","0"
"2011-09-30 09:30:00","15.060","100","0.000","0","0.000","0"
"2011-09-30 10:09:00","14.650","1678","0.000","0","0.000","0"
"2011-09-30 10:26:00","14.900","1778","0.000","0","0.000","0"
"2011-09-30 11:05:00","14.510","2278","0.000","0","0.000","0"
"2011-09-30 11:13:00","14.510","3278","0.000","0","0.000","0"
"2011-09-30 11:16:00","14.510","3878","0.000","0","0.000","0"
"2011-09-30 11:27:00","14.510","4460","0.000","0","0.000","0"
"2011-09-30 11:34:00","14.510","4610","0.000","0","0.000","0"
"2011-09-30 11:59:00","14.590","5110","0.000","0","0.000","0"
"2011-09-30 12:15:00","14.790","6326","0.000","0","0.000","0"
"2011-09-30 13:46:00","14.780","6426","0.000","0","0.000","0"
"2011-09-30 14:40:00","14.460","6926","0.000","0","0.000","0"
"2011-09-30 14:42:00","14.460","8126","0.000","0","0.000","0"
"2011-09-30 14:58:00","14.440","8626","0.000","0","0.000","0"
"2011-09-30 15:18:00","14.800","8926","0.000","0","0.000","0"
"2011-09-30 15:44:00","14.440","9926","0.000","0","0.000","0"
"2011-10-03 09:30:00","12.250","1000","0.000","0","0.000","0"
"2011-10-03 10:01:00","12.250","1100","0.000","0","0.000","0"
"2011-10-03 10:04:00","12.070","2100","0.000","0","0.000","0"
"2011-10-03 10:05:00","12.070","3100","0.000","0","0.000","0"
"2011-10-03 10:12:00","12.110","3200","0.000","0","0.000","0"
"2011-10-03 10:13:00","12.120","3300","0.000","0","0.000","0"
"2011-10-03 11:57:00","12.080","3500","0.000","0","0.000","0"
"2011-10-03 12:10:00","12.250","3600","0.000","0","0.000","0"
"2011-10-03 13:01:00","12.070","4100","0.000","0","0.000","0"
"2011-10-03 13:02:00","12.070","5100","0.000","0","0.000","0"
"2011-10-03 13:14:00","12.090","5700","0.000","0","0.000","0"
"2011-10-03 13:17:00","12.070","6500","0.000","0","0.000","0"
"2011-10-03 13:52:00","11.840","7000","0.000","0","0.000","0"
"2011-10-03 13:58:00","11.840","7800","0.000","0","0.000","0"
"2011-10-03 14:49:00","11.790","10300","0.000","0","0.000","0"
"2011-10-04 09:33:00","11.300","800","0.000","0","0.000","0"
"2011-10-04 09:40:00","11.270","2800","0.000","0","0.000","0"
"2011-10-04 10:07:00","11.200","5500","0.000","0","0.000","0"
"2011-10-04 10:12:00","11.420","6500","0.000","0","0.000","0"
"2011-10-04 10:48:00","11.480","8500","0.000","0","0.000","0"
"2011-10-04 12:39:00","11.500","8600","0.000","0","0.000","0"
"2011-10-04 15:08:00","11.350","9400","0.000","0","0.000","0"
"2011-10-04 15:44:00","11.450","9600","0.000","0","0.000","0"
"2011-10-04 15:53:00","11.550","10000","0.000","0","0.000","0"
"2011-10-04 15:54:00","11.800","12524","0.000","0","0.000","0"
"2011-10-05 10:31:00","11.650","2400","0.000","0","0.000","0"
"2011-10-05 11:10:00","11.800","2600","0.000","0","0.000","0"
"2011-10-05 11:14:00","11.900","7900","0.000","0","0.000","0"
"2011-10-05 11:21:00","11.900","8400","0.000","0","0.000","0"
"2011-10-05 11:27:00","11.900","9200","0.000","0","0.000","0"
"2011-10-05 11:44:00","11.950","9300","0.000","0","0.000","0"
"2011-10-05 12:03:00","11.900","9500","0.000","0","0.000","0"
"2011-10-05 12:48:00","11.850","9700","0.000","0","0.000","0"
"2011-10-05 12:53:00","11.900","9900","0.000","0","0.000","0"
"2011-10-05 14:30:00","11.750","10900","0.000","0","0.000","0"
"2011-10-05 14:59:00","11.900","11075","0.000","0","0.000","0"
"2011-10-05 15:42:00","11.900","11275","0.000","0","0.000","0"
"2011-10-05 15:43:00","11.950","14175","0.000","0","0.000","0"
"2011-10-05 15:46:00","11.950","15875","0.000","0","0.000","0"
"2011-10-05 15:50:00","11.950","16575","0.000","0","0.000","0"
"2011-10-05 15:59:00","11.950","16925","0.000","0","0.000","0"
"2011-10-06 09:32:00","13.340","974","0.000","0","0.000","0"
"2011-10-06 13:59:00","13.500","1174","0.000","0","0.000","0"
"2011-10-06 15:56:00","13.500","1674","0.000","0","0.000","0"
"2011-10-07 09:53:00","15.900","200","0.000","0","0.000","0"
"2011-10-07 10:03:00","16.000","500","0.000","0","0.000","0"
"2011-10-07 10:24:00","16.000","1000","0.000","0","0.000","0"
"2011-10-07 12:37:00","15.780","1500","0.000","0","0.000","0"
"2011-10-07 13:37:00","15.860","1700","0.000","0","0.000","0"
"2011-10-07 15:35:00","16.000","1855","0.000","0","0.000","0"
"2011-10-10 11:05:00","16.050","225","0.000","0","0.000","0"
"2011-10-10 11:08:00","16.050","775","0.000","0","0.000","0"
"2011-10-10 12:39:00","16.160","1100","0.000","0","0.000","0"
"2011-10-10 12:59:00","16.160","1600","0.000","0","0.000","0"
"2011-10-10 13:07:00","16.180","2315","0.000","0","0.000","0"
"2011-10-10 14:06:00","16.180","3715","0.000","0","0.000","0"
"2011-10-10 14:08:00","16.200","3915","0.000","0","0.000","0"
"2011-10-10 14:28:00","16.200","5515","0.000","0","0.000","0"
"2011-10-10 15:44:00","16.300","5715","0.000","0","0.000","0"
"2011-10-10 15:55:00","16.300","5815","0.000","0","0.000","0"
"2011-10-10 15:58:00","16.300","6015","0.000","0","0.000","0"
"2011-10-11 09:49:00","17.070","1150","0.000","0","0.000","0"
"2011-10-11 10:38:00","17.320","1650","0.000","0","0.000","0"
"2011-10-11 10:48:00","17.320","2150","0.000","0","0.000","0"
"2011-10-12 09:34:00","18.900","162","0.000","0","0.000","0"
"2011-10-12 12:53:00","19.100","462","0.000","0","0.000","0"
"2011-10-12 12:59:00","19.100","1262","0.000","0","0.000","0"
"2011-10-12 13:05:00","19.100","1462","0.000","0","0.000","0"
"2011-10-12 13:32:00","19.510","1767","0.000","0","0.000","0"
"2011-10-12 13:46:00","19.510","1867","0.000","0","0.000","0"
"2011-10-12 14:37:00","19.600","2067","0.000","0","0.000","0"
"2011-10-12 14:41:00","19.650","3667","0.000","0","0.000","0"
"2011-10-12 15:48:00","19.600","3867","0.000","0","0.000","0"
"2011-10-12 15:56:00","19.400","3967","0.000","0","0.000","0"
"2011-10-12 15:59:00","19.800","4067","0.000","0","0.000","0"
"2011-10-13 09:30:00","18.950","300","0.000","0","0.000","0"
"2011-10-13 09:53:00","19.000","585","0.000","0","0.000","0"
"2011-10-13 10:48:00","18.980","1070","0.000","0","0.000","0"
"2011-10-13 10:49:00","18.980","1570","0.000","0","0.000","0"
"2011-10-13 11:03:00","18.930","1770","0.000","0","0.000","0"
"2011-10-13 11:30:00","19.220","2307","0.000","0","0.000","0"
"2011-10-13 11:32:00","19.060","2444","0.000","0","0.000","0"
"2011-10-13 14:27:00","18.800","2644","0.000","0","0.000","0"
"2011-10-13 14:28:00","18.690","2844","0.000","0","0.000","0"
"2011-10-14 09:47:00","18.620","285","0.000","0","0.000","0"
"2011-10-14 15:57:00","18.760","385","0.000","0","0.000","0"
"2011-10-17 09:34:00","20.210","200","0.000","0","0.000","0"
"2011-10-17 09:35:00","20.190","400","0.000","0","0.000","0"
"2011-10-17 09:56:00","20.490","600","0.000","0","0.000","0"
"2011-10-17 10:10:00","20.450","700","0.000","0","0.000","0"
"2011-10-17 10:16:00","20.100","900","0.000","0","0.000","0"
"2011-10-17 10:44:00","20.000","1000","0.000","0","0.000","0"
"2011-10-17 11:30:00","20.000","1234","0.000","0","0.000","0"
"2011-10-17 14:32:00","19.900","1434","0.000","0","0.000","0"
"2011-10-17 14:37:00","19.850","1834","0.000","0","0.000","0"
"2011-10-17 14:57:00","19.800","1934","0.000","0","0.000","0"
"2011-10-17 15:43:00","19.800","2184","0.000","0","0.000","0"
"2011-10-17 15:48:00","19.800","2634","0.000","0","0.000","0"
"2011-10-17 15:50:00","19.800","2834","0.000","0","0.000","0"
"2011-10-17 15:57:00","19.800","4961","0.000","0","0.000","0"
"2011-10-18 11:02:00","18.430","128","0.000","0","0.000","0"
"2011-10-18 12:49:00","18.780","528","0.000","0","0.000","0"
"2011-10-18 15:18:00","19.360","1228","0.000","0","0.000","0"
"2011-10-18 15:19:00","19.710","1628","0.000","0","0.000","0"
"2011-10-18 15:34:00","19.000","1928","0.000","0","0.000","0"
"2011-10-19 14:36:00","19.110","200","0.000","0","0.000","0"
"2011-10-20 09:30:00","18.320","100","0.000","0","0.000","0"
"2011-10-20 09:38:00","18.050","500","0.000","0","0.000","0"
"2011-10-20 09:56:00","18.100","700","0.000","0","0.000","0"
"2011-10-20 12:19:00","18.050","900","0.000","0","0.000","0"
"2011-10-20 12:20:00","18.050","1100","0.000","0","0.000","0"
"2011-10-20 15:41:00","18.050","1400","0.000","0","0.000","0"
"2011-10-21 10:20:00","18.620","200","0.000","0","0.000","0"
"2011-10-24 09:38:00","19.750","100","0.000","0","0.000","0"
"2011-10-24 11:28:00","20.050","300","0.000","0","0.000","0"
"2011-10-24 14:41:00","20.050","400","0.000","0","0.000","0"
"2011-10-25 09:54:00","19.960","100","0.000","0","0.000","0"
"2011-10-25 10:04:00","19.670","300","0.000","0","0.000","0"
"2011-10-25 15:39:00","19.570","800","0.000","0","0.000","0"
"2011-10-25 15:56:00","19.500","1300","0.000","0","0.000","0"
"2011-10-26 10:49:00","19.580","200","0.000","0","0.000","0"
"2011-10-26 10:50:00","19.580","400","0.000","0","0.000","0"
"2011-10-26 13:28:00","19.880","500","0.000","0","0.000","0"
"2011-10-27 09:37:00","21.740","500","0.000","0","0.000","0"
"2011-10-27 09:52:00","21.790","1200","0.000","0","0.000","0"
"2011-10-27 11:47:00","21.750","1691","0.000","0","0.000","0"
"2011-10-27 11:52:00","21.750","2400","0.000","0","0.000","0"
"2011-10-27 12:01:00","22.000","2600","0.000","0","0.000","0"
"2011-10-27 12:02:00","22.000","3600","0.000","0","0.000","0"
"2011-10-27 12:18:00","22.080","3700","0.000","0","0.000","0"
"2011-10-27 13:12:00","21.800","6000","0.000","0","0.000","0"
"2011-10-27 13:39:00","22.080","6200","0.000","0","0.000","0"
"2011-10-27 13:40:00","22.100","6300","0.000","0","0.000","0"
"2011-10-27 14:40:00","22.230","6500","0.000","0","0.000","0"
"2011-10-27 14:41:00","22.230","7300","0.000","0","0.000","0"
"2011-10-27 15:20:00","22.310","7500","0.000","0","0.000","0"
"2011-10-27 15:46:00","22.260","8269","0.000","0","0.000","0"
"2011-10-27 15:51:00","22.200","9069","0.000","0","0.000","0"
"2011-10-27 15:55:00","22.100","9569","0.000","0","0.000","0"
"2011-10-28 10:09:00","21.730","500","0.000","0","0.000","0"
"2011-10-28 10:10:00","21.730","1250","0.000","0","0.000","0"
"2011-10-28 14:47:00","21.730","2250","0.000","0","0.000","0"
"2011-10-31 12:24:00","20.630","200","0.000","0","0.000","0"
"2011-10-31 15:52:00","20.420","400","0.000","0","0.000","0"
"2011-11-01 09:56:00","20.310","500","0.000","0","0.000","0"
"2011-11-01 14:47:00","20.420","1100","0.000","0","0.000","0"
"2011-11-01 15:56:00","20.260","1300","0.000","0","0.000","0"
"2011-11-02 09:39:00","21.750","454","0.000","0","0.000","0"
"2011-11-02 09:51:00","21.700","608","0.000","0","0.000","0"
"2011-11-02 10:06:00","21.580","1108","0.000","0","0.000","0"
"2011-11-02 10:49:00","21.650","1908","0.000","0","0.000","0"
"2011-11-02 12:40:00","21.650","2708","0.000","0","0.000","0"
"2011-11-02 13:02:00","21.580","2908","0.000","0","0.000","0"
"2011-11-02 13:21:00","21.550","3108","0.000","0","0.000","0"
"2011-11-02 13:24:00","21.550","3308","0.000","0","0.000","0"
"2011-11-03 09:33:00","21.750","200","0.000","0","0.000","0"
"2011-11-03 09:35:00","21.890","1470","0.000","0","0.000","0"
"2011-11-03 09:40:00","21.890","2470","0.000","0","0.000","0"
"2011-11-03 10:02:00","21.620","3270","0.000","0","0.000","0"
"2011-11-03 13:20:00","21.850","3470","0.000","0","0.000","0"
"2011-11-03 13:53:00","21.850","3670","0.000","0","0.000","0"
"2011-11-03 15:27:00","21.850","3870","0.000","0","0.000","0"
"2011-11-04 09:44:00","22.160","900","0.000","0","0.000","0"
"2011-11-04 09:59:00","22.020","200","0.000","0","0.000","0"
"2011-11-04 10:00:00","22.010","400","0.000","0","0.000","0"
"2011-11-04 10:44:00","22.160","900","0.000","0","0.000","0"
"2011-11-07 09:38:00","22.000","1500","0.000","0","0.000","0"
"2011-11-07 15:33:00","22.050","2100","0.000","0","0.000","0"
"2011-11-07 15:35:00","22.050","3300","0.000","0","0.000","0"
"2011-11-07 15:37:00","22.050","5100","0.000","0","0.000","0"
"2011-11-07 15:39:00","22.050","6300","0.000","0","0.000","0"
"2011-11-07 15:40:00","22.050","6700","0.000","0","0.000","0"
"2011-11-09 09:34:00","20.960","200","0.000","0","0.000","0"
"2011-11-09 09:35:00","20.860","1400","0.000","0","0.000","0"
"2011-11-09 09:37:00","20.860","1600","0.000","0","0.000","0"
"2011-11-09 10:30:00","20.750","1800","0.000","0","0.000","0"
"2011-11-09 13:49:00","20.700","2000","0.000","0","0.000","0"
"2011-11-09 13:51:00","20.700","2400","0.000","0","0.000","0"
"2011-11-09 13:55:00","20.600","3200","0.000","0","0.000","0"
"2011-11-09 13:56:00","20.600","3600","0.000","0","0.000","0"
"2011-11-09 14:06:00","20.500","3800","0.000","0","0.000","0"
"2011-11-09 14:08:00","20.650","4200","0.000","0","0.000","0"
"2011-11-09 14:24:00","20.600","4400","0.000","0","0.000","0"
"2011-11-09 14:25:00","20.410","4600","0.000","0","0.000","0"
"2011-11-09 15:43:00","20.290","4800","0.000","0","0.000","0"
"2011-11-09 15:53:00","20.200","5916","0.000","0","0.000","0"
"2011-11-10 09:39:00","20.280","800","0.000","0","0.000","0"
"2011-11-10 12:07:00","19.880","3800","0.000","0","0.000","0"
"2011-11-10 13:10:00","20.220","4600","0.000","0","0.000","0"
"2011-11-10 13:15:00","20.300","5400","0.000","0","0.000","0"
"2011-11-10 15:51:00","20.200","6200","0.000","0","0.000","0"
"2011-11-11 09:33:00","19.930","200","0.000","0","0.000","0"
"2011-11-11 13:14:00","18.700","500","0.000","0","0.000","0"
"2011-11-11 14:42:00","19.160","600","0.000","0","0.000","0"
"2011-11-11 14:49:00","19.160","700","0.000","0","0.000","0"
"2011-11-14 09:33:00","18.400","800","0.000","0","0.000","0"
"2011-11-14 09:47:00","18.360","1000","0.000","0","0.000","0"
"2011-11-14 09:50:00","18.360","1200","0.000","0","0.000","0"
"2011-11-14 12:35:00","18.260","1400","0.000","0","0.000","0"
"2011-11-14 12:36:00","18.260","1600","0.000","0","0.000","0"
"2011-11-14 12:44:00","18.580","1700","0.000","0","0.000","0"
"2011-11-14 14:57:00","18.250","1900","0.000","0","0.000","0"
"2011-11-15 09:30:00","18.940","500","0.000","0","0.000","0"
"2011-11-15 11:18:00","19.150","680","0.000","0","0.000","0"
"2011-11-15 11:31:00","18.940","937","0.000","0","0.000","0"
"2011-11-15 11:49:00","18.940","2277","0.000","0","0.000","0"
"2011-11-15 12:35:00","19.150","2477","0.000","0","0.000","0"
"2011-11-15 15:30:00","19.320","2677","0.000","0","0.000","0"
"2011-11-16 12:10:00","18.980","1000","0.000","0","0.000","0"
"2011-11-16 13:33:00","18.990","1100","0.000","0","0.000","0"
"2011-11-16 13:41:00","18.990","1300","0.000","0","0.000","0"
"2011-11-16 13:46:00","18.990","1450","0.000","0","0.000","0"
"2011-11-16 13:48:00","18.990","2250","0.000","0","0.000","0"
"2011-11-16 13:49:00","18.990","2450","0.000","0","0.000","0"
"2011-11-17 09:49:00","18.460","1600","0.000","0","0.000","0"
"2011-11-17 12:14:00","18.450","1800","0.000","0","0.000","0"
"2011-11-17 12:34:00","18.300","2200","0.000","0","0.000","0"
"2011-11-17 12:35:00","18.280","2400","0.000","0","0.000","0"
"2011-11-17 12:43:00","18.130","2600","0.000","0","0.000","0"
"2011-11-18 09:30:00","18.060","500","0.000","0","0.000","0"
"2011-11-18 09:31:00","18.080","3200","0.000","0","0.000","0"
"2011-11-18 09:32:00","18.080","3900","0.000","0","0.000","0"
"2011-11-18 15:05:00","18.060","6400","0.000","0","0.000","0"
"2011-11-21 09:30:00","17.230","100","0.000","0","0.000","0"
"2011-11-21 09:40:00","17.190","300","0.000","0","0.000","0"
"2011-11-21 11:29:00","17.010","1623","0.000","0","0.000","0"
"2011-11-21 11:33:00","17.050","4123","0.000","0","0.000","0"
"2011-11-21 11:34:00","17.050","5353","0.000","0","0.000","0"
"2011-11-21 13:08:00","17.130","5553","0.000","0","0.000","0"
"2011-11-21 13:18:00","17.180","5953","0.000","0","0.000","0"
"2011-11-21 14:43:00","17.230","6453","0.000","0","0.000","0"
"2011-11-21 15:21:00","17.300","7853","0.000","0","0.000","0"
"2011-11-22 10:44:00","18.020","200","0.000","0","0.000","0"
"2011-11-22 10:48:00","17.980","400","0.000","0","0.000","0"
"2011-11-22 10:50:00","17.930","600","0.000","0","0.000","0"
"2011-11-22 11:08:00","17.890","800","0.000","0","0.000","0"
"2011-11-23 09:47:00","17.880","800","0.000","0","0.000","0"
"2011-11-23 14:28:00","17.710","1050","0.000","0","0.000","0"
"2011-11-25 09:38:00","17.080","200","0.000","0","0.000","0"
"2011-11-25 09:39:00","17.080","400","0.000","0","0.000","0"
"2011-11-25 10:06:00","17.150","650","0.000","0","0.000","0"
"2011-11-25 10:07:00","17.150","1250","0.000","0","0.000","0"
"2011-11-25 10:13:00","17.170","1450","0.000","0","0.000","0"
"2011-11-25 11:28:00","16.920","2378","0.000","0","0.000","0"
"2011-11-25 12:37:00","16.920","3306","0.000","0","0.000","0"
"2011-11-28 09:53:00","17.890","100","0.000","0","0.000","0"
"2011-11-28 10:53:00","17.890","410","0.000","0","0.000","0"
"2011-11-28 15:38:00","17.530","910","0.000","0","0.000","0"
"2011-11-29 10:00:00","18.680","200","0.000","0","0.000","0"
"2011-11-29 13:05:00","18.650","1000","0.000","0","0.000","0"
"2011-11-30 09:36:00","19.160","200","0.000","0","0.000","0"
"2011-11-30 09:53:00","19.350","1000","0.000","0","0.000","0"
"2011-11-30 09:54:00","19.350","2000","0.000","0","0.000","0"
"2011-11-30 11:24:00","19.050","2700","0.000","0","0.000","0"
"2011-11-30 15:43:00","19.510","3620","0.000","0","0.000","0"
"2011-11-30 15:44:00","19.510","3820","0.000","0","0.000","0"
"2011-12-01 11:46:00","20.410","200","0.000","0","0.000","0"
"2011-12-01 13:59:00","20.500","400","0.000","0","0.000","0"
"2011-12-02 09:32:00","20.440","420","0.000","0","0.000","0"
"2011-12-02 14:59:00","20.030","820","0.000","0","0.000","0"
"2011-12-02 15:45:00","20.010","1020","0.000","0","0.000","0"
"2011-12-22 14:35:00","18.130","0","0.000","0","0.000","0"
"2011-12-27 12:41:00","18.750","200","0.000","0","0.000","0"
"2011-12-27 14:02:00","18.750","341","0.000","0","0.000","0"
"2011-12-28 10:25:00","18.290","800","0.000","0","0.000","0"
"2011-12-28 10:26:00","18.290","1000","0.000","0","0.000","0"
"2011-12-28 10:36:00","18.240","1200","0.000","0","0.000","0"
"2011-12-28 11:33:00","18.200","1400","0.000","0","0.000","0"
"2011-12-28 11:37:00","18.190","1800","0.000","0","0.000","0"
"2011-12-28 15:18:00","18.150","2600","0.000","0","0.000","0"
"2011-12-29 15:45:00","18.220","541","0.000","0","0.000","0"
